"STATION","NAME","LATITUDE","LONGITUDE","ELEVATION","DATE","AWND","PRCP","SNOW","TAVG","TMAX","TMIN","TSUN","WDMV"
"USC00048967","TOPANGA PTRL STATION FC6, CA US","34.0841","-118.5988","227.1","1993-05",,"0.00","0.0",,,,,
"USR0000CPIC","PICACHO WASH CALIFORNIA, CA US","32.95","-114.7322","256.0","1993-05",,,,"80.3","92.0","68.6",,
"USC00043157","FORT BIDWELL, CA US","41.8715","-120.1574","1444.4","1993-05",,"2.27","0.0","54.8","68.4","41.3",,
"USC00043038","FIDDLETOWN DEXTER RANCH, CA US","38.5251","-120.69817","661.4","1993-05",,"2.56","0.0",,,,,
"USC00045218","LYTLE CREEK RANGER STATION, CA US","34.23833","-117.47083","832.1","1993-05",,"0.00","0.0",,,,,
"USC00048606","STRAWBERRY VALLEY 2, CA US","39.53194","-121.1611","1130.8","1993-05",,"4.25","0.0","53.5","65.2","41.8",,
"USR0000CESP","ESPERANZA CALIFORNIA, CA US","38.2428","-120.515","780.0","1993-05",,,,"59.6","73.7","45.4",,
"USR0000CCOL","COLLINS BALDY CALIFORNIA, CA US","41.775","-122.9503","1674.3","1993-05",,,,"53.7","63.2","44.1",,
"USC00046663","PALOS VERDES ES FC43D, CA US","33.7997","-118.391","67.1","1993-05",,"0.00","0.0",,,,,
"USC00047874","SAN PASQUAL ANIMAL PARK, CA US","33.0955","-116.9975","128.0","1993-05",,"0.00","0.0",,,"54.0",,
"USR0000CCOO","COOSKIE MOUNTAIN CALIFORNIA, CA US","40.2569","-124.2661","899.2","1993-05",,,,"46.7","50.7","42.6",,
"USS0020H06S","CEDAR PASS, CA US","41.58","-120.3","2142.7","1993-05",,"3.80",,"44.7","56.2","33.3",,
"USW00023174","LOS ANGELES INTERNATIONAL AIRPORT, CA US","33.93816","-118.3866","29.7","1993-05","9.4","0.00","0.0","65.1","71.7","58.5",,
"USR0000CCOH","COHASSET CALIFORNIA, CA US","39.8717","-121.7689","528.2","1993-05",,,,"63.4","73.5","53.2",,
"USW00023179","NEEDLES AIRPORT, CA US","34.76783","-114.61842","270.6","1993-05",,"0.09","0.0","82.3","97.3","67.4",,
"USS0019L40S","MONITOR PASS, CA US","38.67","-119.61","2532.9","1993-05",,"0.50",,"44.8","57.4","32.2",,
"USR0000CBLT","BEN BOLT CALIFORNIA, CA US","38.5908","-120.9336","275.8","1993-05",,,,"62.1","76.2","48.1",,
"USC00046657","PALOMAR MOUNTAIN OBSERVATORY, CA US","33.378","-116.84","1691.6","1993-05",,"0.43","0.0","58.7","69.2","48.2",,
"USC00046896","PINE FLAT DAM, CA US","36.821","-119.3374","187.5","1993-05",,"0.06","0.0",,,,,
"USC00045449","MCCLOUD, CA US","41.25171","-122.13827","985.4","1993-05",,"5.08","0.0","54.2","67.3","41.0",,
"USC00047749","SAN DIMAS FIRE FC 95, CA US","34.1052","-117.8019","292.0","1993-05",,"0.00","0.0",,,,,
"USC00041080","BRIDGEVILLE 4 NNW, CA US","40.51944","-123.82167","640.1","1993-05",,"8.57","0.0",,,,,
"USC00043261","FRIANT GOVERNMENT CAMP, CA US","36.99574","-119.70691","131.1","1993-05",,"0.14","0.0","66.7","84.7","48.8",,"1673.4"
"USC00042294","DAVIS 2 WSW EXPERIMENTAL FARM, CA US","38.5349","-121.7761","18.3","1993-05",,"0.73","0.0","65.2","79.3","51.1",,"3262.8"
"USC00043384","GEORGETOWN RANGER STATION, CA US","38.933","-120.8008","914.7","1993-05",,"2.80","0.0",,,,,
"USC00046650","PALOMA, CA US","36.35028","-121.54","541.0","1993-05",,"0.45","0.0",,,,,
"USC00044232","INDEPENDENCE, CA US","36.798","-118.2036","1204.0","1993-05",,"0.00","0.0","66.7","83.2","50.1",,
"USW00023161","BARSTOW DAGGETT AIRPORT, CA US","34.85371","-116.78702","584.8","1993-05","12.8","0.00","0.0","74.3","89.4","59.2",,
"USR0000CBLD","BLUE DOOR CALIFORNIA, CA US","41.0547","-120.3375","1711.5","1993-05",,,,"49.9","62.7","37.1",,
"USR0000CMAR","MARIPOSA GROVE CALIFORNIA, CA US","37.5128","-119.6047","1950.7","1993-05",,,,"51.5","61.7","41.4",,
"USW00024257","REDDING AIRPORT, CA US","40.51462","-122.29773","152.6","1993-05","7.4","6.72","0.0","65.1","77.6","52.6","24871",
"USC00043134","FORESTHILL RANGER STATION, CA US","39.01","-120.8455","919.0","1993-05",,"3.91","0.0",,,,,
"USC00046646","PALO ALTO, CA US","37.4436","-122.1402","7.6","1993-05",,"0.18","0.0","60.9","72.4","49.2",,
"USC00048702","SUSANVILLE 2 SW, CA US","40.4167","-120.6631","1283.8","1993-05",,"0.57","0.0","53.5","70.6","36.3",,
"USC00043498","GOLDSTONE ECHO NUMBER 2, CA US","35.2813","-116.7844","899.2","1993-05",,"0.04","0.0",,,,,
"USC00044223","IMPERIAL, CA US","32.8488","-115.5666","-19.5","1993-05",,"0.03","0.0","79.1","95.2","63.0",,
"USC00041072","BRIDGEPORT, CA US","38.2575","-119.2286","1972.1","1993-05",,"0.22","0.0","53.7","70.8","36.5",,
"USC00045679","MINERAL, CA US","40.3458","-121.6091","1485.9","1993-05",,"6.33","0.5","47.8","61.1","34.5",,
"USC00048826","TEHACHAPI, CA US","35.13333","-118.45","1224.4","1993-05",,"0.00","0.0","58.4","71.5","45.4",,
"USC00043491","GOLD RUN 4 SW, CA US","39.15014","-120.90026","981.5","1993-05",,"3.48","0.0",,,,,
"USC00045790","MONTEBELLO, CA US","34.0191","-118.1052","75.0","1993-05",,"0.02","0.0","70.4","82.3","58.5",,
"USC00041194","BURBANK VALLEY PUMP PLANT, CA US","34.1866","-118.348","199.6","1993-05",,"0.20","0.0",,,"58.0",,
"USC00047851","SAN LUIS OBISPO POLY, CA US","35.3056","-120.6619","93.9","1993-05",,"0.23","0.0","61.9","75.6","48.2",,
"USR0000CBOR","BORON CALIFORNIA, CA US","35.0767","-117.585","881.8","1993-05",,,,"68.0","81.1","54.9",,
"USC00047731","SAN CLEMENTE DAM, CA US","36.4375","-121.7092","182.9","1993-05",,"0.37","0.0",,,,,
"USC00046521","OROVILLE, CA US","39.5177","-121.553","52.1","1993-05",,"2.81","0.0","66.5","78.8","54.2",,
"USC00045311","MANZANITA LAKE, CA US","40.5411","-121.5766","1752.6","1993-05",,"3.33","0.0","48.2","61.0","35.4",,
"USC00045795","MONTEREY, CA US","36.5927","-121.8555","37.2","1993-05",,"0.83","0.0","59.8","68.6","50.9",,
"USW00024283","ARCATA EUREKA AIRPORT, CA US","40.97844","-124.10479","64.5","1993-05","7.8",,,"55.0","62.2","47.7",,
"USS0020K31S","CSS LAB, CA US","39.33","-120.37","2089.4","1993-05",,"3.10",,"43.2","54.2","32.3",,
"USR0000CBOG","BOGARD RANGER STATION CALIFORNIA, CA US","40.5981","-121.0831","1722.1","1993-05",,,,"46.3","60.7","31.9",,
"USW00003104","DESERT RESORTS REGIONAL AIRPORT, CA US","33.63166","-116.16412","-36.0","1993-05",,"0.01","0.0","79.8","95.7","63.8",,
"USW00023190","SANTA BARBARA MUNICIPAL AIRPORT, CA US","34.4241","-119.84249","2.5","1993-05","8.1","0.04","0.0","63.5","74.2","52.8",,
"USC00047723","SAN BERNARDINO F S 226, CA US","34.13444","-117.25389","347.5","1993-05",,"0.00","0.0","69.7","82.3","57.1",,
"USC00047965","SANTA ROSA, CA US","38.45579","-122.71335","50.6","1993-05",,"1.44","0.0","62.2","71.9","52.4",,
"USC00046635","PALM SPRINGS, CA US","33.8275","-116.5097","129.5","1993-05",,"0.06","0.0","81.0","96.3","65.6",,
"USC00043489","GOLD ROCK RANCH, CA US","32.88333","-114.86667","147.8","1993-05",,"0.36","0.0","81.7","97.2","66.2",,
"USC00044577","KLAMATH, CA US","41.57861","-124.07472","8.5","1993-05",,"9.16","0.0",,,,,
"USC00043369","GEM LAKE, CA US","37.7519","-119.1402","2734.1","1993-05",,"0.37",,,,,,
"USC00047846","SAN LUIS DAM, CA US","37.05333","-121.05778","84.4","1993-05",,"0.39","0.0","66.6","78.9","54.4",,"4440.3"
"USC00044211","IDYLLWILD FIRE DEPARTMENT, CA US","33.7572","-116.7066","1639.8","1993-05",,"0.84","0.0","55.3","70.6","40.1",,
"USS0020K30S","SQUAW VALLEY G.C., CA US","39.19","-120.26","2447.2","1993-05",,"3.40",,"41.6","49.6","33.7",,
"USW00093193","FRESNO YOSEMITE INTERNATIONAL, CA US","36.77999","-119.72016","101.9","1993-05","8.9","0.25","0.0","69.9","83.9","55.9","23993",
"USR0000CLAP","LA PANZA CALIFORNIA, CA US","35.3811","-120.1875","496.8","1993-05",,,,"59.8","78.3","41.3",,
"USR0000CSOM","SOMES BAR CALIFORNIA, CA US","41.39","-123.4958","280.4","1993-05",,,,"60.8","73.4","48.1",,
"USR0000CPIK","PIKE CO LOOKOUT CALIFORNIA, CA US","39.475","-121.2025","1132.0","1993-05",,,,"58.1","71.2","44.9",,
"USR0000CSOL","SOLDIER MOUNTAIN CALIFORNIA, CA US","40.9258","-121.5856","1130.8","1993-05",,,,"55.2","65.9","44.5",,
"USW00023188","SAN DIEGO INTERNATIONAL AIRPORT, CA US","32.7336","-117.1831","4.6","1993-05","8.9","0.01","0.0","66.0","71.5","60.5","17770",
"USW00023187","SANDBERG, CA US","34.74361","-118.72528","1374.6","1993-05",,"0.03","0.0","60.9","71.4","50.4",,
"USR0000CLAH","LA HONDA CALIFORNIA, CA US","37.3053","-122.255","265.8","1993-05",,,,"56.5","66.5","46.4",,
"USR0000CPIL","PILOT HILL CALIFORNIA, CA US","38.8325","-121.0086","365.8","1993-05",,,,"60.9","74.1","47.7",,
"USC00046624","PALMDALE, CA US","34.5883","-118.0938","796.1","1993-05",,"0.00","0.0","68.5","84.0","53.1",,
"USC00045532","MERCED, CA US","37.2888","-120.5158","46.9","1993-05",,"1.06","0.0","67.8","83.9","51.7",,
"USC00043357","GASQUET RANGER STATION, CA US","41.84587","-123.96704","118.0","1993-05",,"11.42","0.0",,,,,
"USC00042147","CRESCENT CITY, CA US","41.7958","-124.2147","13.1","1993-05",,"5.47","0.0","57.2","63.8","50.6",,
"USC00042148","CRESCENT CITY 7 ENE, CA US","41.79417","-124.085","36.6","1993-05",,"10.34","0.0",,,,,
"USC00046506","ORLAND, CA US","39.7458","-122.1997","77.4","1993-05",,"2.66","0.0","65.9","78.9","53.0",,
"USC00047957","SANTA PAULA, CA US","34.3119","-119.13306","72.2","1993-05",,"0.12","0.0",,,"51.6",,
"USR0000CRIC","RICE VALLEY CALIFORNIA, CA US","34.0608","-114.7322","249.9","1993-05",,,,"80.2","94.8","65.6",,
"USW00093111","POINT MUGU NF, CA US","34.12407","-119.12281","3.8","1993-05","7.2","0.13","0.0","62.8","71.0","54.6",,
"USW00093112","NORTH ISLAND NAS, CA US","32.69219","-117.20983","4.4","1993-05","7.2","0.00","0.0","65.4","69.9","60.9",,
"USC00045890","MOUNTAIN PASS, CA US","35.47028","-115.54361","1441.7","1993-05",,"0.25","0.0",,,,,
"USW00093114","TUSTIN MCAF, CA US","33.7","-117.83333","17.1","1993-05","5.1","0.00","0.0","69.6","80.0","59.3",,
"USW00093115","IMPERIAL BEACH REAM FIELD NAS, CA US","32.56797","-117.11715","7.2","1993-05",,,,,,,,
"USR0000CGSP","GREEN SPRING CALIFORNIA, CA US","37.8331","-120.5","310.9","1993-05",,,,"64.2","77.7","50.7",,
"USS0020K25S","WARD CREEK NUMBER 3, CA US","39.14","-120.22","2028.4","1993-05",,"4.50",,"44.4","58.3","30.5",,
"USS0020K13S","TRUCKEE NUMBER 2, CA US","39.3","-120.18","1983.9","1993-05",,"1.40",,"48.5","61.9","35.0",,
"USS0020L10S","FALLEN LEAF, CA US","38.93","-120.05","1900.7","1993-05",,"1.69",,,"62.0",,,
"USC00046508","ORLEANS, CA US","41.30206","-123.53851","122.8","1993-05",,"5.11","0.0",,,,,
"USC00048928","TIGER CREEK PH, CA US","38.44611","-120.49917","717.8","1993-05",,"3.75","0.0","59.1","73.1","45.1",,
"USW00003122","TORRANCE AIRPORT, CA US","33.8016","-118.3419","27.4","1993-05",,"0.00","0.0","65.7","74.7","56.6",,
"USC00042012","CORCORAN IRRIGATION DIST., CA US","36.0975","-119.5817","61.0","1993-05",,"0.10","0.0","69.4","84.3","54.5",,
"USC00045400","MATHER, CA US","37.885","-119.8561","1374.6","1993-05",,"0.60","0.0",,,,,
"USC00041288","CALEXICO, CA US","32.6881","-115.4644","3.7","1993-05",,"0.00","0.0",,,,,
"USC00044555","KING CITY, CA US","36.2069","-121.1377","97.5","1993-05",,"0.20","0.0","64.1","79.8","48.5",,
"USC00047821","SAN JOSE, CA US","37.34972","-121.90333","20.4","1993-05",,"0.47","0.0","65.5","76.4","54.5",,
"USC00040192","ANAHEIM, CA US","33.8647","-117.8425","70.7","1993-05",,"0.00","0.0","68.8","79.1","58.5",,
"USC00041048","BRAWLEY, CA US","32.9544","-115.5581","-30.5","1993-05",,"0.03","0.0","77.7","93.2","62.2",,
"USC00044671","LAKE ARROWHEAD, CA US","34.2466","-117.1883","1586.5","1993-05",,"0.00","0.0","57.3","69.6","44.9",,
"USC00046730","PASO ROBLES, CA US","35.6277","-120.6855","222.5","1993-05",,"0.01","0.0","62.4","78.8","46.0",,
"USC00042494","DOWNEY FIRE STATION FC107C, CA US","33.9297","-118.1455","33.5","1993-05",,"0.00","0.0",,,,,
"USR0000COAK","OAK KNOLL CALIFORNIA, CA US","41.8386","-122.85","591.3","1993-05",,,,"58.3","72.9","43.8",,
"USC00048917","THREE RIVERS EDISON PH 1, CA US","36.465","-118.8619","347.5","1993-05",,"0.16","0.0","68.8","86.3","51.3",,
"USR0000CGRA","GRANITE MOUNTAIN CALIFORNIA, CA US","34.5356","-117.0258","1438.7","1993-05",,,,"63.4","74.3","52.5",,
"USC00044422","JUNCAL DAM, CA US","34.4908","-119.5069","688.8","1993-05",,"0.48","0.0",,,,,
"USR0000CBKR","BAKER CALIFORNIA, CA US","40.2789","-122.4869","213.4","1993-05",,,,"63.0","75.9","50.1",,
"USC00047933","SANTA MARGARITA BOOST, CA US","35.3741","-120.6375","349.9","1993-05",,"0.20","0.0",,,,,
"USC00046602","PACOIMA DAM FC33A E, CA US","34.3294","-118.4005","472.4","1993-05",,"0.00","0.0",,,,,
"USC00041277","CALAVERAS BIG TREES, CA US","38.2769","-120.3113","1431.0","1993-05",,"1.88","0.0","51.7","62.3","41.1",,
"USR0000CDOR","DORRIS RANCH CALIFORNIA, CA US","39.3036","-121.1172","617.2","1993-05",,,,"60.3","71.8","48.8",,
"USC00043578","GRATON, CA US","38.4305","-122.8647","61.0","1993-05",,"2.21","0.0","60.3","72.9","47.7",,
"USC00046726","PASKENTA RANGER STATION, CA US","39.8875","-122.5538","230.1","1993-05",,"2.59","0.0",,,,,
"USC00045756","MOJAVE, CA US","35.0492","-118.1619","833.6","1993-05",,"0.00","0.0","68.3","82.3","54.4",,
"USC00041159","BUCKS CREEK, CA US","39.9372","-121.3147","576.4","1993-05",,"4.59","0.0",,,,,
"USR0000CDOY","DOYLE CALIFORNIA, CA US","40.0222","-120.1056","1292.4","1993-05",,,,"57.2","72.6","41.8",,
"USC00047813","SAN JACINTO, CA US","33.7965","-116.9753","464.8","1993-05",,"0.03","0.0","68.1","83.7","52.6",,
"USW00093134","LOS ANGELES DOWNTOWN USC, CA US","34.0236","-118.2911","54.6","1993-05",,"0.02",,"68.9","77.0","60.7",,
"USC00046960","PLACERVILLE, CA US","38.6955","-120.8244","563.9","1993-05",,"2.53","0.0","60.7","74.2","47.1",,
"USC00043452","GLENDORA FC 287B, CA US","34.1472","-117.8472","284.4","1993-05",,"0.03","0.0",,,,,
"USC00043573","GRASS VALLEY NUMBER 2, CA US","39.2041","-121.068","731.5","1993-05",,"2.13","0.0","57.3","68.4","46.1",,
"USC00045983","MOUNT SHASTA, CA US","41.32175","-122.31725","1101.2","1993-05",,"5.24","0.0","54.3","66.6","42.0",,
"USC00045502","MECCA FIRE STATION, CA US","33.5697","-116.073","-55.8","1993-05",,"0.00","0.0","81.1","98.5","63.7",,
"USC00042598","EAGLE MOUNTAIN, CA US","33.80807","-115.45138","296.6","1993-05",,"0.08","0.0","81.6","92.8","70.4",,
"USC00044412","JULIAN CDF, CA US","33.0763","-116.5925","1284.7","1993-05",,"0.56","0.0",,,,,
"USC00045866","MORRO BAY FIRE DEPARTMENT, CA US","35.367","-120.8447","36.0","1993-05",,"0.60","0.0","57.9","66.2","49.6",,
"USC00041149","BUCKHORN, CA US","40.87972","-121.93168","1127.8","1993-05",,"5.18","0.0",,,,,
"USC00042239","CUYAMACA, CA US","32.9897","-116.5872","1414.3","1993-05",,"0.60","0.0","57.3","70.1","44.6",,
"USC00044890","LEMON COVE, CA US","36.3817","-119.0264","156.4","1993-05",,"0.23","0.0","70.1","86.6","53.6",,
"USR0000CFRE","FREMONT CANYON CALIFORNIA, CA US","33.8081","-117.7111","542.8","1993-05",,,,"65.6","76.8","54.5",,
"USW00003159","LANCASTER, CA US","34.74121","-118.21255","712.6","1993-05",,"0.00","0.0","66.5","79.5","53.4",,
"USC00046719","PASADENA, CA US","34.1483","-118.1447","263.3","1993-05",,"0.02","0.0","68.9","81.7","56.2",,
"USC00047807","SAN GREGORIO 2 SE, CA US","37.31167","-122.36167","83.8","1993-05",,"1.57","0.0","57.5","66.6","48.5",,
"USW00003154","CAMP PENDLETON MCAS, CA US","33.30424","-117.35508","21.4","1993-05","6.3","0.00","0.0","66.7","75.3","58.2",,
"USC00041010","BOULEVARD 2, CA US","32.66667","-116.3","1097.3","1993-05",,"0.08","0.0",,,,,
"USC00041253","CACHUMA LAKE, CA US","34.58223","-119.98159","240.5","1993-05",,"0.00","0.0","64.9","81.4","48.4",,"1335.9"
"USC00046943","PISMO BEACH, CA US","35.1597","-120.683","11.9","1993-05",,"0.04","0.0",,,,,
"USC00041497","CANYON DAM, CA US","40.1705","-121.0886","1389.9","1993-05",,"2.76","0.0","52.0","66.0","38.0",,
"USC00044523","KERN RIVER PH 3, CA US","35.7831","-118.4389","823.9","1993-05",,"0.00","0.0","67.8","84.6","51.0",,
"USC00040161","ALTURAS, CA US","41.49021","-120.54376","1332.9","1993-05",,"1.89","0.0","52.6","69.3","36.0",,
"USC00046940","PIRU 2 ESE, CA US","34.4061","-118.7569","217.0","1993-05",,"0.02","0.0",,,,,
"USC00042346","DELANO, CA US","35.7683","-119.26","92.0","1993-05",,"0.00","0.0",,,,,
"USC00042467","DONNER MEMORIAL ST PARK, CA US","39.3239","-120.2331","1809.6","1993-05",,"1.56","1.0",,,,,
"USC00046946","PIT RIVER PH 5, CA US","40.9869","-121.9772","444.4","1993-05",,"5.24","0.0",,,,,
"USC00046826","PETALUMA AIRPORT, CA US","38.2577","-122.6077","6.1","1993-05",,"1.41","0.0","60.1","71.7","48.5",,
"USC00046944","PIT RIVER POWER HOUSE 1, CA US","41.0","-121.5","877.8","1993-05",,"1.44","0.0",,,,,
"USC00044647","LAGUNA BEACH, CA US","33.5453","-117.7813","13.4","1993-05",,"0.00","0.0",,,,,
"USR0000CJUL","JULIAN CALIFORNIA, CA US","33.0758","-116.5908","1292.4","1993-05",,,,"60.3","72.2","48.4",,
"USC00041018","BOWMAN DAM, CA US","39.4539","-120.6556","1641.3","1993-05",,"5.04","0.0",,,,,
"USR0000CLYO","LYONS VALLEY CALIFORNIA, CA US","39.1258","-123.0736","975.4","1993-05",,,,"52.8","61.1","44.5",,
"USC00049099","TWENTYNINE PALMS, CA US","34.128","-116.0369","602.0","1993-05",,"0.02","0.0","77.1","93.3","60.8",,
"USC00043791","HARRISON GULCH RANGER STATION, CA US","40.3636","-122.965","838.2","1993-05",,"6.78","0.0",,,,,
"USR0000CJUN","JUNIPER CREEK CALIFORNIA, CA US","41.3322","-120.4725","1332.6","1993-05",,,,"53.6","66.8","40.3",,
"USC00043551","GRANT GROVE, CA US","36.73751","-118.96197","2005.6","1993-05",,"0.30","0.0","48.8","58.4","39.2",,
"USC00043672","GROVELAND R S, CA US","37.823","-120.0983","958.6","1993-05",,"1.26","0.0",,,,,
"USC00044881","LEE VINING, CA US","37.9567","-119.1194","2071.7","1993-05",,"0.00","0.0",,"67.5",,,
"USS0019L24S","HEAVENLY VALLEY, CA US","38.92","-119.92","2615.8","1993-05",,"1.09",,,"52.8",,,
"USR0000CBEA","BEAR PEAK CALIFORNIA, CA US","35.8842","-118.0517","2507.9","1993-05",,,,"50.7","59.9","41.5",,
"USR0000CTHO","THOMES CREEK CALIFORNIA, CA US","39.8644","-122.6097","317.0","1993-05",,,,"64.9","75.6","54.3",,
"USC00047916","SANTA CRUZ, CA US","36.98785","-121.99952","21.3","1993-05",,"0.94","0.0","60.9","70.5","51.2",,
"USR0000CJUA","JUANITA LAKE CALIFORNIA, CA US","41.7861","-122.0056","1645.9","1993-05",,,,"51.7","62.8","40.5",,
"USC00042331","DEEP SPRINGS COLLEGE, CA US","37.3738","-117.9802","1592.6","1993-05",,"0.11","0.0","60.9","75.9","45.8",,
"USC00042574","DUNSMUIR TREATMENT PLANT, CA US","41.1831","-122.28167","661.1","1993-05",,"5.93","0.0","57.4","70.0","44.7",,
"USC00041244","BUTTONWILLOW, CA US","35.4028","-119.47","68.6","1993-05",,"0.05","0.0","69.3","85.1","53.6",,
"USW00093209","PASO ROBLES MUNICIPAL AIRPORT, CA US","35.66936","-120.62918","249.8","1993-05",,"0.00","0.0","63.1","81.2","44.9",,
"USC00045721","MITCHELL CAVERNS, CA US","34.9436","-115.5469","1325.9","1993-05",,"0.22","0.0","67.8","80.5","55.1",,
"USC00042214","CULVER CITY, CA US","34.005","-118.4139","28.0","1993-05",,"0.00","0.0",,,,,
"USC00042456","DOBBINS 1 S, CA US","39.3575","-121.2011","499.9","1993-05",,"2.68","0.0",,,,,
"USC00044997","LIVERMORE, CA US","37.68194","-121.75139","161.2","1993-05",,"0.51","0.0","63.5","75.8","51.2",,
"USC00047902","SANTA BARBARA, CA US","34.4167","-119.6844","4.9","1993-05",,"0.05","0.0","62.2","73.0","51.3",,
"USC00042338","DEER CREEK FOREBAY, CA US","39.3","-120.83333","1357.9","1993-05",,"4.78","0.0","54.4","66.9","41.8",,
"USR0000CSEC","SECRET TOWN CALIFORNIA, CA US","39.1836","-120.8847","861.4","1993-05",,,,"57.7","70.1","45.3",,
"USR0000CDGR","DEVILS GARDEN CALIFORNIA, CA US","41.53","-120.6714","1530.7","1993-05",,,,"52.3","64.3","40.4",,
"USC00040383","AUBURN, CA US","38.9072","-121.0838","393.8","1993-05",,"1.67","0.0","63.3","74.3","52.3",,
"USR0000CYUC","YUCCA VALLEY CALIFORNIA, CA US","34.1233","-116.4078","993.6","1993-05",,,,"66.8","82.5","51.1",,
"USC00043896","HEMET, CA US","33.7381","-116.8939","552.0","1993-05",,"0.12","0.0",,,,,
"USC00041476","CANBY, CA US","41.4219","-120.9016","1313.7","1993-05",,"1.48","0.0",,,,,
"USC00044500","KENTFIELD, CA US","37.9566","-122.5447","44.2","1993-05",,"2.04","0.0",,,"51.4",,
"USC00044863","LEBEC, CA US","34.83328","-118.86497","1089.7","1993-05",,"0.00","0.0",,,,,
"USR0000CBGR","BANGOR CALIFORNIA, CA US","39.3975","-121.3861","244.8","1993-05",,,,"63.4","75.1","51.6",,
"USR0000CFOU","FOUNTAIN SPRINGS CALIFORNIA, CA US","35.8922","-118.915","64.0","1993-05",,,,"66.3","83.5","49.2",,
"USC00042327","DEEP CANYON LAB, CA US","33.6513","-116.3763","365.8","1993-05",,"0.23","0.0",,,,,
"USC00044867","LECHUZA PATROL STATION, CA US","34.07639","-118.88028","487.7","1993-05",,"0.20","0.0",,,,,
"USS0019L39S","SPRATT CREEK, CA US","38.67","-119.82","1863.9","1993-05",,"1.69",,"49.8","63.1","36.4",,
"USC00040144","ALTADENA, CA US","34.18211","-118.13827","343.5","1993-05",,"0.00","0.0",,,,,
"USC00049087","TUSTIN IRVINE RANCH, CA US","33.7025","-117.75389","71.6","1993-05",,"0.00","0.0","67.4","79.1","55.7",,
"USR0000CSHQ","SHADEQUARTER CALIFORNIA, CA US","36.5672","-118.9556","1240.2","1993-05",,,,"59.5","69.3","49.7",,
"USC00040029","ADIN RANGER STATION, CA US","41.19334","-120.94458","1280.8","1993-05",,"1.13","0.0",,,,,
"USC00044628","LA CRESCENTA FC251C, CA US","34.2222","-118.2377","470.9","1993-05",,"0.07","0.0",,,,,
"USC00043417","GILROY, CA US","37.003","-121.5608","59.1","1993-05",,"0.83","0.0","64.9","78.9","50.8",,
"USC00046926","PINNACLES NATIONAL PARK, CA US","36.4819","-121.1822","398.4","1993-05",,"0.18","0.0","60.8","80.1","41.5",,
"USW00023237","STOCKTON AIRPORT, CA US","37.88997","-121.22637","8.3","1993-05",,"0.83","0.0","66.8","79.4","54.2",,
"USW00023232","SACRAMENTO AIRPORT ASOS, CA US","38.50659","-121.49604","5.9","1993-05","8.1","1.14","0.0","64.6","77.9","51.2","24660",
"USW00023110","LEMOORE REEVES NAS, CA US","36.33333","-119.95","70.7","1993-05","7.8","0.42","0.0","69.9","85.4","54.4",,
"USW00023234","SAN FRANCISCO INTERNATIONAL AIRPORT, CA US","37.61962","-122.36562","3.2","1993-05","13.0","0.55","0.0","62.1","70.6","53.7",,
"USW00023233","SALINAS AIRPORT, CA US","36.66352","-121.60928","22.3","1993-05",,"0.78","0.0","62.0","72.8","51.1",,
"USC00043761","HAPPY CAMP RANGER STATION, CA US","41.79612","-123.37469","348.1","1993-05",,"3.98","0.0",,,,,
"USC00045941","MOUNT HEBRON RANGER STATION, CA US","41.78339","-122.0446","1300.0","1993-05",,"1.21","0.0",,,,,
"USC00043647","GRIZZLY CREEK STATE, CA US","40.4863","-123.9088","125.9","1993-05",,"6.99","0.0","57.7","65.5","50.0",,
"USC00044735","LA MESA, CA US","32.7675","-117.0233","161.5","1993-05",,"0.00","0.0","68.0","77.3","58.8",,
"USR0000CPAR","PARKFIELD CALIFORNIA, CA US","35.8989","-120.4319","467.9","1993-05",,,,"61.0","78.7","43.4",,
"USW00093101","EL TORO MCAS, CA US","33.66667","-117.73333","117.0","1993-05","4.0","0.01","0.0","68.1","77.4","58.8",,
"USC00040379","AUBERRY 2 NW, CA US","37.0919","-119.5128","637.0","1993-05",,"0.51","0.0","65.9","79.5","52.3",,
"USS0019L38S","LEAVITT LAKE, CA US","38.28","-119.61","2931.3","1993-05",,"2.20",,"39.6","49.4","29.8",,
"USC00040136","ALPINE, CA US","32.8358","-116.7774","516.6","1993-05",,"0.09","0.0",,,"52.9",,
"USC00040014","ACTON ESCONDIDO CANYON, CA US","34.4938","-118.2713","863.5","1993-05",,"0.00","0.0",,,,,
"USW00093104","CHINA LAKE NAF, CA US","35.686254","-117.690911","680.0","1993-05","5.6","0.32","0.0","75.4","91.9","58.9",,
"USR0000CPAT","PATTY MOCUS CALIFORNIA, CA US","40.295","-122.8667","1066.8","1993-05",,,,"53.6","62.6","44.5",,
"USW00093107","SAN DIEGO MIRAMAR NAS, CA US","32.86667","-117.13333","145.4","1993-05","3.1","0.04","0.0","66.1","75.5","56.7",,
"USC00042671","ECHO SUMT SIER TAHOE, CA US","38.78333","-120.03333","2240.3","1993-05",,"0.24","1.0","44.6","54.9","34.2",,
"USR0000CCHI","CHILAO CALIFORNIA, CA US","34.3317","-118.0303","1661.2","1993-05",,,,"56.7","65.7","47.6",,
"USR0000CPAN","PANAMINT CALIFORNIA, CA US","36.1203","-117.0878","2097.0","1993-05",,,,"59.3","71.4","47.1",,
"USS0019L13S","VIRGINIA LAKES RIDGE, CA US","38.07","-119.23","2878.8","1993-05",,"0.60",,"43.3","55.4","31.2",,
"USR0000CCHC","CHICO CALIFORNIA, CA US","39.7119","-121.7789","70.1","1993-05",,,,"64.9","76.6","53.1",,
"USW00093230","SOUTH LAKE TAHOE AIRPORT, CA US","38.89838","-119.99617","1907.0","1993-05",,,,"48.6","63.5","33.7",,
"USC00049073","TURLOCK NUMBER 2, CA US","37.50193","-120.84566","31.4","1993-05",,"0.97","0.0","67.8","80.5","55.1",,
"USC00042319","DEATH VALLEY NATIONAL PARK, CA US","36.46263","-116.8672","-59.1","1993-05",,"0.00","0.0","87.2","101.0","73.4",,"1564.0"
"USR0000CBAL","BALD MOUNTAIN LOC CALIFORNIA, CA US","38.9056","-120.6972","1426.5","1993-05",,,,"56.8","67.5","46.1",,
"USC00045933","MOUNT HAMILTON, CA US","37.34336","-121.63473","1286.3","1993-05",,"1.64","0.0","52.9","61.3","44.5",,
"USC00041697","CHERRY VALLEY DAM, CA US","37.9747","-119.9161","1452.4","1993-05",,"1.17","0.0","56.0","69.2","42.8",,
"USW00023129","LONG BEACH DAUGHERTY AIRPORT, CA US","33.81177","-118.14718","10.2","1993-05","8.3","0.00","0.0","67.7","76.6","58.7",,
"USC00043875","HEALDSBURG, CA US","38.62935","-122.86646","53.9","1993-05",,"2.31","0.0","64.7","76.2","53.1",,
"USC00043878","HEALDSBURG NUMBER 2, CA US","38.63333","-122.86667","45.7","1993-05",,"2.07","0.0",,,,,
"USS0019L17S","LOBDELL LAKE, CA US","38.44","-119.37","2814.2","1993-05",,"0.59",,"41.8","54.6","28.9",,
"USS0019L05S","BLUE LAKES, CA US","38.61","-119.92","2455.8","1993-05",,"2.09",,"43.1","56.8","29.3",,
"USC00049185","UPPER SAN LEANDRO FILTERS, CA US","37.7719","-122.1675","120.1","1993-05",,"1.19","0.0",,,,,
"USW00023258","MODESTO AIRPORT, CA US","37.62544","-120.95492","26.5","1993-05",,"1.03","0.0","67.6","80.9","54.4",,
"USR0000CSAW","SAWYERS BAR CALIFORNIA, CA US","41.3003","-123.1322","668.1","1993-05",,,,"58.6","73.4","43.8",,
"USC00042771","EL MIRAGE, CA US","34.5891","-117.6302","899.2","1993-05",,"0.00","0.0","65.7","83.6","47.8",,
"USC00044710","LAKESIDE 2 E, CA US","32.8536","-116.8947","210.3","1993-05",,"0.09","0.0",,,,,
"USC00043621","GREENVILLE, CA US","40.1408","-120.9505","1094.2","1993-05",,"1.73","0.0",,,,,
"USC00044712","LAKE SOLANO, CA US","38.492","-122.0039","57.0","1993-05",,"0.89","0.0","66.2","80.0","52.5",,"1352.7"
"USW00023239","ALAMEDA NAS, CA US","37.78333","-122.31667","9.1","1993-05","8.3","0.83","0.0","63.5","70.0","57.0",,
"USC00044713","LAKE SPAULDING, CA US","39.31833","-120.63917","1571.5","1993-05",,"5.22","0.0","50.8","64.1","37.4",,
"USC00040235","ANZA, CA US","33.5558","-116.6738","1193.3","1993-05",,"0.98","0.0",,,,,
"USC00040232","ANTIOCH PUMPING PLANT NUMBER 3, CA US","37.9833","-121.7525","18.3","1993-05",,"0.50","0.0","65.9","77.6","54.4",,
"USC00049053","TULELAKE, CA US","41.95999","-121.47449","1230.8","1993-05",,"1.00","0.0",,,"40.8",,
"USS0020H13S","ADIN MOUNTAIN, CA US","41.24","-120.79","1886.7","1993-05",,"2.79",,"44.8","58.2","31.4",,
"USS0019L03S","HAGAN S MEADOW, CA US","38.85","-119.94","2370.1","1993-05",,"1.40",,,"56.0",,,
"USC00043747","HANFORD 1 S, CA US","36.3158","-119.637","72.2","1993-05",,"0.08","0.0","69.4","83.8","55.0",,
"USC00044957","LINDSAY, CA US","36.2032","-119.0545","132.6","1993-05",,"0.05","0.0",,,"53.1",,
"USW00024216","RED BLUFF MUNICIPAL AIRPORT, CA US","40.15186","-122.25478","108.0","1993-05",,"2.51","0.0","65.3","77.8","52.9",,
"USC00044838","LAVA BEDS NAT MON, CA US","41.71171","-121.5067","1455.4","1993-05",,"0.97","0.5","53.0","64.9","41.0",,
"USR0000CCAS","CASE SPRINGS CALIFORNIA, CA US","33.445","-117.4181","707.1","1993-05",,,,"61.6","70.2","53.1",,
"USW00024213","EUREKA WEATHER FORECAST OFFICE WOODLEY ISLAND, CA US","40.8097","-124.1602","6.1","1993-05",,"4.45","0.0","57.9","64.2","51.6","16952",
"USW00023244","MOFFETT FEDERAL AIRFIELD, CA US","37.4058","-122.0481","11.9","1993-05","4.3","0.58","0.0","65.4","75.7","55.2",,
"USR0000CCAR","CARRIZO CALIFORNIA, CA US","35.0964","-119.7728","759.0","1993-05",,,,"63.7","76.0","51.4",,
"USC00042760","ACAMPO 5 NE, CA US","38.23333","-121.2","28.0","1993-05",,"1.37","0.0",,,,,
"USC00042640","EAST PARK RESERVOIR, CA US","39.35917","-122.51778","367.3","1993-05",,"1.70","0.0","61.2","74.4","48.0",,
"USR0000CBCN","BELL CANYON CALIFORNIA, CA US","33.5417","-117.5917","213.4","1993-05",,,,"65.6","76.5","54.8",,
"USC00041312","CALISTOGA, CA US","38.57682","-122.57811","106.7","1993-05",,"1.63","0.0",,,"50.6",,
"USC00044701","LAKEPORT, CA US","39.03333","-122.91667","400.8","1993-05",,"1.85","0.0",,,,,
"USC00042402","DE SABLA, CA US","39.8716","-121.6108","826.0","1993-05",,"4.10","0.0","57.9","71.7","44.1",,
"USR0000CHOR","HORSE THIEF SPRINGS CALIFORNIA, CA US","35.7706","-115.9092","1524.0","1993-05",,,,"65.7","75.1","56.4",,
"USC00043614","GREENVIEW, CA US","41.5519","-122.9236","859.5","1993-05",,,"0.0",,,,,
"USC00043855","HAYFIELD PUMPING PLANT, CA US","33.7044","-115.6289","417.6","1993-05",,"0.01","0.0","76.9","92.3","61.6",,
"USC00049035","TRONA, CA US","35.7636","-117.3908","516.6","1993-05",,"0.00","0.0",,,,,
"USS0019L19S","EBBETTS PASS, CA US","38.55","-119.8","2671.6","1993-05",,"1.49",,,,,,
"USS0019L07S","SONORA PASS, CA US","38.31","-119.6","2690.5","1993-05",,"1.69",,"42.4","53.3","31.4",,
"USR0000CHOL","HORSE LAKE CALIFORNIA, CA US","40.6306","-120.5028","1554.5","1993-05",,,,"51.5","65.2","37.8",,
"USC00040343","ASH MOUNTAIN, CA US","36.4914","-118.8253","520.6","1993-05",,"0.08","0.0","67.2","82.0","52.4",,
"USW00023272","SAN FRANCISCO DOWNTOWN, CA US","37.7705","-122.4269","45.7","1993-05",,"0.87",,"62.5","70.0","54.9",,
"USW00023271","SACRAMENTO 5 ESE, CA US","38.5552","-121.4183","11.6","1993-05",,"1.23","0.0","67.5","79.8","55.2",,
"USW00023273","SANTA MARIA PUBLIC AIRPORT, CA US","34.89403","-120.45216","74.2","1993-05","11.4","0.21","0.0","60.7","73.2","48.1",,
"USC00049043","TRUCKEE RANGER STATION, CA US","39.333","-120.173","1774.9","1993-05",,"1.13","1.0","49.9","64.9","34.8",,
"USS0020H12S","DISMAL SWAMP, CA US","41.99","-120.18","2243.3","1993-05",,"5.49",,"42.7","53.9","31.4",,
"USC00045915","MOUNT DIABLO JUNCTION, CA US","37.8792","-121.9303","661.4","1993-05",,"1.08","0.0","58.7","68.2","49.2",,
"USC00041316","CALLAHAN, CA US","41.3378","-122.82484","940.3","1993-05",,"4.53","0.0","54.6","67.7","41.4",,
"USC00044705","LAKE SABRINA, CA US","37.213","-118.6136","2763.0","1993-05",,"0.19",,,,,,
"USR0000CSDC","SODA CREEK CALIFORNIA, CA US","39.425","-122.9772","540.4","1993-05",,,,"57.8","71.6","43.9",,
"USR0000CBBR","BIG BAR CALIFORNIA, CA US","40.7333","-123.2333","457.2","1993-05",,,,"59.7","72.2","47.2",,
"USW00023158","BLYTHE ASOS, CA US","33.61876","-114.71451","120.4","1993-05",,"0.00","0.0","81.1","97.0","65.2",,
"USC00042406","DESCANSO RANGER STATION, CA US","32.85","-116.61667","1066.8","1993-05",,"1.90","0.0",,,,,
"USC00043859","HAYFORK, CA US","40.5524","-123.2122","701.0","1993-05",,"3.44","0.0",,,,,
"USW00023155","BAKERSFIELD AIRPORT, CA US","35.43424","-119.05524","149.3","1993-05","9.4","0.00","0.0","71.0","85.5","56.5",,
"USW00023157","BISHOP AIRPORT, CA US","37.37114","-118.35886","1252.8","1993-05","13.2","0.04","0.0","64.1","82.2","46.0",,
"USW00023156","BEAUMONT NUMBER 2, CA US","33.9255","-116.9903","789.7","1993-05",,"0.11","0.0","67.0","83.0","51.1",,
"USR0000CHNM","HUNTER MOUNTAIN CALIFORNIA, CA US","36.5625","-117.4736","2097.0","1993-05",,,,"55.7","65.9","45.5",,
"USR0000CLVR","LIVERMORE CALIFORNIA, CA US","37.7119","-121.8136","243.8","1993-05",,,,"61.3","71.6","51.0",,
"USC00041424","CAMPO, CA US","32.6263","-116.4699","801.6","1993-05",,"0.12","0.0",,,,,
"USC00042756","ELLERY LAKE, CA US","37.9355","-119.2305","2939.8","1993-05",,"0.48",,,,,,
"USS0019L06S","POISON FLAT, CA US","38.51","-119.63","2357.9","1993-05",,"0.80",,"43.0","56.9","29.1",,
"USC00040212","ANGWIN PACIFIC UNION COLLEGE, CA US","38.573","-122.4405","522.7","1993-05",,"3.05","0.0","57.8","68.2","47.4",,
"USC00049026","TRINITY RIVER HATCHERY, CA US","40.7263","-122.7947","567.2","1993-05",,"6.98","0.0",,,,,"1038.3"
"USR0000CSCI","SANTA CRUZ ISLAND CALIFORNIA, CA US","33.9958","-119.7222","76.2","1993-05",,,,"56.7","72.7","40.6",,
"USC00049390","VOLTA PH, CA US","40.4583","-121.8663","676.7","1993-05",,"2.83","0.0",,,,,
"USC00049152","U C L A, CA US","34.0697","-118.4427","131.1","1993-05",,"0.00","0.0","64.8","72.8","56.8",,
"USC00041428","CAMP PARDEE, CA US","38.2486","-120.8433","200.6","1993-05",,"1.75","0.0","66.0","79.9","52.1",,
"USR0000CFIS","FISH CREEK MOUNTAIN CALIFORNIA, CA US","32.9903","-116.0669","231.6","1993-05",,,,"83.1","93.6","72.6",,
"USC00041653","CHALLENGE R S, CA US","39.48333","-121.21667","783.3","1993-05",,"1.94","0.0",,,,,
"USC00042500","DOWNIEVILLE, CA US","39.5633","-120.8238","888.5","1993-05",,"4.69","0.0","56.9","71.1","42.7",,
"USC00042863","ESCONDIDO NUMBER 2, CA US","33.121","-117.09","182.9","1993-05",,"0.02","0.0","68.8","80.4","57.2",,
"USC00043710","HAIWEE, CA US","36.1388","-117.9527","1165.9","1993-05",,"0.00","0.0","65.5","81.1","49.9",,
"USR0000COWV","OWENS VALLEY CALIFORNIA, CA US","37.39","-118.5506","1414.3","1993-05",,,,"65.6","80.7","50.6",,
"USC00047077","PORTERVILLE, CA US","36.06778","-119.02","119.8","1993-05",,"0.03","0.0","69.7","86.5","52.9",,
"USC00048045","SCOTIA, CA US","40.4833","-124.1038","41.5","1993-05",,"5.06","0.0","58.0","66.2","49.7",,
"USC00040684","BENTON INSPECTION STATION, CA US","37.84278","-118.47833","1664.2","1993-05",,"0.01","0.0",,,,,
"USR0000COWE","OWENS CAMP LOC CALIFORNIA, CA US","38.7333","-120.245","1597.2","1993-05",,,,"53.1","67.7","38.4",,
"USC00047085","PORTOLA, CA US","39.8053","-120.4719","1478.3","1993-05",,"1.37","0.0","51.8","66.8","36.7",,
"USC00040449","BALCH POWER HOUSE, CA US","36.9092","-119.0883","528.8","1993-05",,"0.20","0.0",,,"50.4",,
"USR0000CMSA","MARIPOSA CALIFORNIA, CA US","37.5042","-119.9869","680.0","1993-05",,,,"61.4","75.5","47.4",,
"USC00049260","VAN NUYS FC15A, CA US","34.18333","-118.45","211.8","1993-05",,"0.00","0.0",,,,,
"USC00042504","DOYLE, CA US","40.0267","-120.1055","1308.5","1993-05",,"0.71","0.0",,,,,
"USC00042506","DOYLE 4 SSE, CA US","39.9717","-120.0828","1338.1","1993-05",,"1.31","0.0","56.5","71.9","41.1",,
"USC00040790","BIG SUR STATION, CA US","36.2472","-121.7802","61.0","1993-05",,"2.42","0.0",,,,,
"USR0000CKNO","KNOXVILLE CREEK CALIFORNIA, CA US","38.8619","-122.4172","670.6","1993-05",,,,"56.8","67.7","45.9",,
"USC00040798","BIG TUJUNGA DAM FC46, CA US","34.29481","-118.18849","709.0","1993-05",,"0.00","0.0",,,,,
"USC00049124","UKIAH 4 WSW, CA US","39.1266","-123.2719","404.8","1993-05",,"5.53","0.0",,,,,
"USS0019L08S","LEAVITT MEADOWS, CA US","38.3","-119.55","2194.0","1993-05",,"1.10",,"43.1","58.7","27.4",,
"USC00049001","TRACY PUMPING PLANT, CA US","37.79589","-121.58319","18.6","1993-05",,"0.93","0.0",,,,,
"USC00049122","UKIAH, CA US","39.1466","-123.2102","193.9","1993-05",,"3.45","0.0","60.9","71.9","49.8",,
"USC00040673","BEN LOMOND NUMBER 4, CA US","37.08689","-122.08221","132.6","1993-05",,"1.02","0.0","61.3","74.4","48.1",,
"USR0000CWES","WESTWOOD CALIFORNIA, CA US","40.3067","-120.9","1767.8","1993-05",,,,"48.3","57.6","38.9",,
"USC00049367","VISALIA, CA US","36.32833","-119.2997","92.4","1993-05",,"0.12","0.0","68.5","80.9","56.1",,
"USC00049490","WEAVERVILLE, CA US","40.73529","-122.9441","627.3","1993-05",,"3.46","0.0",,,,,
"USR0000CWEE","WEED AIRPORT CALIFORNIA, CA US","41.4789","-122.4539","893.1","1993-05",,,,"56.2","66.7","45.6",,
"USC00048163","SHELTER COVE AVIATION, CA US","40.03306","-124.07278","75.0","1993-05",,"9.39","0.0",,,"47.3",,
"USC00047195","QUINCY, CA US","39.9366","-120.9475","1042.4","1993-05",,"1.98","0.0","58.1","74.8","41.3",,
"USC00043824","HAT CREEK, CA US","40.9316","-121.5433","919.0","1993-05",,"1.72","0.0","56.8","73.2","40.4",,
"USC00041990","COPCO NUMBER 1 DAM, CA US","41.97983","-122.33811","812.3","1993-05",,"2.24","0.0",,,,,
"USR0000CCAH","CAHOON CALIFORNIA, CA US","36.3469","-121.5108","682.8","1993-05",,,,"56.2","68.8","43.6",,
"USR0000CLST","LAS TABLAS CALIFORNIA, CA US","35.6564","-120.9242","303.0","1993-05",,,,"62.5","82.7","42.3",,
"USR0000CCAL","CALLAHAN CALIFORNIA, CA US","41.3075","-122.7958","955.9","1993-05",,,,"55.8","70.2","41.5",,
"USR0000CEEL","EEL RIVER CALIFORNIA, CA US","39.8333","-123.0833","457.2","1993-05",,,,"58.7","71.6","45.8",,
"USR0000CLSF","LAS FLORES CALIFORNIA, CA US","33.2889","-117.4389","30.5","1993-05",,,,"64.8","72.5","57.1",,
"USC00049473","WATSONVILLE WATERWORKS, CA US","36.9308","-121.7691","29.0","1993-05",,"1.22","0.0","60.9","71.2","50.6",,
"USR0000CWHT","WHITMORE CALIFORNIA, CA US","40.6194","-121.8994","736.7","1993-05",,,,"59.2","69.7","48.7",,
"USR0000CWHC","WHITE CLOUD CALIFORNIA, CA US","39.3167","-120.8375","1316.7","1993-05",,,,"54.4","63.3","45.5",,
"USC00041878","COARSEGOLD 1 SW, CA US","37.25028","-119.70528","679.7","1993-05",,"0.59","0.0",,,,,
"USR0000CGHP","GRASSHOPPER CALIFORNIA, CA US","40.7817","-120.7844","1877.0","1993-05",,,,"47.9","62.1","33.8",,
"USC00041758","CHULA VISTA, CA US","32.64","-117.0858","17.1","1993-05",,"0.00","0.0","65.8","72.1","59.4",,
"USC00042728","ELECTRA P H, CA US","38.33056","-120.67056","217.9","1993-05",,"2.37","0.0","63.3","80.4","46.1",,
"USC00043939","HETCH HETCHY, CA US","37.9613","-119.783","1179.6","1993-05",,"0.63","0.0","57.8","69.6","46.1",,
"USR0000CMTZ","MOUNT ZION CALIFORNIA, CA US","38.3894","-120.6511","902.2","1993-05",,,,"60.3","71.4","49.2",,
"USC00041864","COALINGA, CA US","36.1356","-120.3606","204.2","1993-05",,"0.13","0.0","70.3","86.3","54.3",,
"USC00043800","HARRY L. ENGLEBRIGHT DAM, CA US","39.2372","-121.2666","243.8","1993-05",,"2.42","0.0",,,,,
"USR0000CTAN","TANBARK CALIFORNIA, CA US","34.2069","-117.7606","792.5","1993-05",,,,"60.9","71.9","49.9",,
"USC00046197","NILAND, CA US","33.2775","-115.5239","-18.3","1993-05",,"0.05","0.0",,,,,
"USC00046074","NAPA STATE HOSPITAL, CA US","38.2777","-122.2647","10.7","1993-05",,"1.39","0.0","63.4","74.5","52.2",,
"USR0000CTAR","TARGET RANGE CALIFORNIA, CA US","33.3722","-117.3589","279.8","1993-05",,,,"64.8","72.7","56.8",,
"USC00049105","TWIN LAKES, CA US","38.70861","-120.04028","2438.4","1993-05",,"2.14","0.0","41.4","51.3","31.5",,
"USC00048014","SAUGUS POWER PLANT 1, CA US","34.58998","-118.45412","658.7","1993-05",,"0.07","0.0",,,,,
"USC00048135","SHASTA DAM, CA US","40.7141","-122.4161","327.7","1993-05",,"6.33","0.0","64.4","74.1","54.7",,"1519.9"
"USC00049345","VINCENT, CA US","34.4883","-118.1419","962.3","1993-05",,"0.02","0.0",,,,,
"USC00026250","PARKER, AZ US","34.1547","-114.2908","128.0","1993-05",,"0.02","0.0","80.6","95.8","65.4",,
"USC00049351","VINTON, CA US","39.8056","-120.1858","1508.8","1993-05",,"0.79","0.0",,,,,
"USC00040779","BIG PINES PARK FC83B, CA US","34.38333","-117.68333","2086.4","1993-05",,"0.00","0.0",,,,,
"USC00047050","POMONA FAIRPLEX, CA US","34.0816","-117.7658","304.5","1993-05",,"0.00","0.0",,,"54.0",,
"USC00048380","SO ENTRANCE YOSEMITE N.P., CA US","37.5122","-119.6331","1538.3","1993-05",,"2.51","0.0","49.7","61.2","38.2",,
"USC00042713","EL CENTRO 2 SSW, CA US","32.76654","-115.56638","-9.1","1993-05",,"0.00","0.0","79.4","94.3","64.4",,
"USR0000CMOJ","MOJAVE RIVER SINK CALIFORNIA, CA US","35.0531","-116.0794","289.6","1993-05",,,,"78.5","94.3","62.6",,
"USR0000CBZE","BRAZIE RANCH CALIFORNIA, CA US","41.6853","-122.5942","914.4","1993-05",,,,"56.8","68.3","45.2",,
"USC00042941","FAIRMONT, CA US","34.705","-118.4297","932.7","1993-05",,"0.00","0.0","63.5","74.0","53.1",,
"USC00049452","WASCO, CA US","35.5892","-119.352","88.7","1993-05",,"0.01","0.0",,,"55.8",,
"USC00049694","WILLOW CREEK 1 NW, CA US","40.9466","-123.6363","141.4","1993-05",,"4.94","0.0",,,,,
"USC00040521","BARSTOW, CA US","34.8927","-117.0219","676.7","1993-05",,"0.00","0.0","71.9","87.0","56.8",,
"USC00049699","WILLOWS 6 W, CA US","39.52316","-122.3048","71.3","1993-05",,"2.12","0.0","65.5","79.9","51.1",,
"USC00049582","WEST POINT, CA US","38.3775","-120.5452","845.8","1993-05",,"3.87","0.0",,,,,
"USC00046194","NICOLAUS NUMBER 2, CA US","38.9261","-121.5447","13.1","1993-05",,"1.27","0.0",,,,,
"USC00048490","STANDISH HICKEY ST PK, CA US","39.87778","-123.7275","260.0","1993-05",,"7.94","0.0",,,,,
"USC00041614","CEDARVILLE, CA US","41.5301","-120.1791","1428.9","1993-05",,"2.25","0.0","55.7","68.7","42.7",,
"USC00043914","HENSHAW DAM, CA US","33.2372","-116.7614","823.0","1993-05",,"0.16","0.0","62.5","78.8","46.1",,
"USC00042706","EL CAJON, CA US","32.8005","-116.928","150.9","1993-05",,"0.00","0.0",,,"58.1",,
"USR0000CWAR","WARM SPRINGS CALIFORNIA, CA US","34.5958","-118.5786","1502.7","1993-05",,,,"59.8","69.9","49.8",,
"USC00046175","NEWPORT BEACH HARBOR, CA US","33.6031","-117.8836","3.0","1993-05",,"0.00","0.0","62.6","66.4","58.9",,
"USC00048353","SONORA, CA US","37.9672","-120.3872","510.5","1993-05",,"1.47","0.0","62.1","78.3","46.0",,
"USC00049200","VACAVILLE, CA US","38.39556","-121.96083","33.5","1993-05",,"0.85","0.0","66.1","79.8","52.5",,
"USC00049684","WILLITS 1 NE, CA US","39.4194","-123.3425","412.4","1993-05",,,"0.0","57.2","69.6","44.9",,
"USR0000CWAL","WALKER PASS CALIFORNIA, CA US","35.6647","-118.0569","1698.3","1993-05",,,,"61.8","76.3","47.3",,
"USC00049440","WARM SPRINGS DAM, CA US","38.71611","-122.9975","68.3","1993-05",,"3.62","0.0","61.2","73.6","48.7",,"1414.9"
"USC00046174","NEW MELONES DAM HQ, CA US","38.0047","-120.4863","292.6","1993-05",,"2.13","0.0","65.0","79.3","50.6",,
"USC00048351","SONOMA, CA US","38.2994","-122.4622","29.6","1993-05",,"2.05","0.0",,,"51.9",,
"USC00049325","VICTORVILLE, CA US","34.52527","-117.29638","850.1","1993-05",,"0.00","0.0","66.7","84.9","48.6",,
"USC00047150","PRIEST VALLEY, CA US","36.18833","-120.69528","701.0","1993-05",,"0.28","0.0","58.3","76.9","39.8",,
"USC00042934","FAIRFIELD, CA US","38.2736","-122.0677","12.2","1993-05",,,"0.0","65.2","76.6","53.8",,
"USC00041967","CONCORD WASTEWATER PLANT, CA US","37.9833","-122.0692","12.2","1993-05",,"0.58","0.0","65.9","77.5","54.3",,
"USC00041606","CECILVILLE, CA US","41.14167","-123.13917","704.1","1993-05",,"4.60","0.0","58.3","72.3","44.3",,
"USC00042920","EXCHEQUER DAM, CA US","37.353","-120.1623","128.0","1993-05",,"0.87","0.0",,,,,
"USC00047253","RANDSBURG, CA US","35.3692","-117.6525","1088.1","1993-05",,"0.01","0.0","68.6","81.8","55.4",,
"USC00046165","NEWHALL, CA US","34.36667","-118.56667","426.7","1993-05",,"0.00","0.0","66.2","81.3","51.0",,
"USC00049431","WALNUT NI FC102C, CA US","34.00167","-117.86583","148.7","1993-05",,"0.00","0.0",,,,,
"USC00046162","NEWHALL S FC32CE, CA US","34.3869","-118.5341","375.8","1993-05",,"0.00","0.0",,,,,
"USC00040741","BIG BEAR LAKE, CA US","34.243","-116.917","2058.3","1993-05",,"0.35","0.0","52.9","68.7","37.1",,
"USC00040983","BORREGO DESERT PARK, CA US","33.2559","-116.4036","246.9","1993-05",,"0.06","0.0","76.5","92.4","60.5",,
"USC00049671","WILDROSE R S, CA US","36.26556","-117.18528","1249.7","1993-05",,"0.00","0.0","66.0","81.2","50.7",,
"USC00049792","WOODSIDE FIRE STATION 1, CA US","37.4286","-122.2561","115.8","1993-05",,"0.85","0.0","62.4","77.7","47.0",,
"USC00046168","NEWMAN, CA US","37.2811","-121.0177","27.4","1993-05",,"0.58","0.0","67.1","81.9","52.2",,
"USC00048587","STONY GORGE RESERVOIR, CA US","39.5861","-122.5341","243.8","1993-05",,"1.66","0.0","61.3","77.4","45.2",,
"USC00049560","WESTHAVEN, CA US","36.22722","-119.99667","86.9","1993-05",,"0.37","0.0",,,,,
"USC00041715","CHICO UNIVERSITY FARM, CA US","39.6911","-121.8211","56.4","1993-05",,"2.34","0.0","65.4","79.2","51.6",,"2309.6"
"USC00042805","ELSINORE, CA US","33.686","-117.3458","386.5","1993-05",,"0.00","0.0","70.2","84.8","55.6",,
"USC00041838","CLOVERDALE, CA US","38.79296","-123.0263","121.9","1993-05",,"4.50","0.0",,,"54.6",,
"USC00048218","SIERRAVILLE RANGER STATION, CA US","39.5833","-120.3705","1516.4","1993-05",,"0.65","0.0",,,,,
"USC00041700","CHESTER, CA US","40.30209","-121.24391","1387.1","1993-05",,"3.00","0.0","51.8","65.9","37.6",,
"USC00046154","NEW CUYAMA FIRE STATION, CA US","34.9455","-119.6827","658.4","1993-05",,"0.00","0.0","63.3","81.6","45.0",,
"USC00049660","WHITTIER CITY YARD FC106C, CA US","33.9758","-118.0222","135.9","1993-05",,"0.00","0.0",,,,,
"USC00049781","WOODLAND 1 WNW, CA US","38.6829","-121.794","20.4","1993-05",,"0.82","0.0","66.7","79.1","54.4",,
"USC00040850","BLACK MOUNTAIN 2 WSW, CA US","37.31667","-122.16667","646.2","1993-05",,"2.28","0.0",,,,,
"USC00045064","LOMPOC, CA US","34.6538","-120.4513","22.9","1993-05",,"0.12","0.0","62.8","75.8","49.7",,
"USC00046399","OJAI, CA US","34.4477","-119.2275","227.1","1993-05",,"0.21","0.0",,,"49.3",,
"USC00049785","WOODLAND HILLS PIERCE COLLEGE, CA US","34.1819","-118.5744","240.8","1993-05",,"0.00","0.0","68.2","85.7","50.7",,
"USC00040738","BIG BAR 4 E, CA US","40.7405","-123.2077","381.9","1993-05",,"4.61","0.0",,,,,
"USC00047370","REPRESA, CA US","38.6944","-121.1611","89.9","1993-05",,"1.38","0.0",,,,,
"USC00048580","STONYFORD, CA US","39.3752","-122.5461","356.6","1993-05",,"1.04","0.0",,,,,
"USR0000CHEL","HELL HOLE CALIFORNIA, CA US","39.0717","-120.4217","1597.2","1993-05",,,,"52.7","63.9","41.6",,
"USR0000CHER","HERNANDEZ CALIFORNIA, CA US","36.3825","-120.8558","1137.8","1993-05",,,,"57.3","68.9","45.7",,
"USC00041948","COLUSA 2 SSW, CA US","39.1875","-122.0269","15.2","1993-05",,,"0.0","66.1","79.0","53.2",,
"USR0000CFAN","FANCHER CREEK CALIFORNIA, CA US","36.8839","-119.4658","280.4","1993-05",,,,"69.0","82.6","55.4",,
"USC00048207","SIERRA CITY, CA US","39.56778","-120.62278","1292.4","1993-05",,"4.94","0.0",,,,,
"USC00046027","MUIR WOODS, CA US","37.8977","-122.5688","67.1","1993-05",,"1.79","0.0",,,,,
"USR0000CBUT","BUTTE MEADOWS CALIFORNIA, CA US","40.0789","-121.5039","1511.8","1993-05",,,,"49.9","62.4","37.3",,
"USC00048200","SHOSHONE, CA US","35.97167","-116.27083","471.2","1993-05",,"0.00","0.0",,,,,
"USC00047473","RIVERSIDE CITRUS EXPERIMENTAL, CA US","33.96694","-117.36139","300.5","1993-05",,"0.03","0.0","68.3","81.4","55.3",,
"USC00047111","POWAY VALLEY, CA US","33.01953","-117.03096","197.5","1993-05",,"0.00","0.0",,,,,
"USR0000CBUR","BURNS CANYON CALIFORNIA, CA US","34.2103","-116.6339","1828.8","1993-05",,,,"61.7","70.4","53.0",,
"USC00048560","STOCKTON FIRE STATION 4, CA US","37.9994","-121.3177","3.7","1993-05",,"1.07","0.0","66.2","80.2","52.1",,
"USC00046144","NEWARK, CA US","37.5147","-122.0325","3.0","1993-05",,"0.50","0.0","62.5","73.4","51.5",,
"USR0000CBUL","BULL FLAT CALIFORNIA, CA US","40.4808","-120.1139","1339.6","1993-05",,,,"53.2","68.6","37.8",,
"USS0020L02S","RUBICON NUMBER 2, CA US","39.0","-120.13","2343.6","1993-05",,"2.90",,"43.7","53.1","34.3",,
"USC00046390","OCOTILLO 2, CA US","32.74611","-116.00056","125.0","1993-05",,"0.09","0.0",,,,,
"USS0020K05S","INDEPENDENCE LAKE, CA US","39.43","-120.31","2545.7","1993-05",,"2.49",,,,,,
"USR0000CASH","ASH VALLEY CALIFORNIA, CA US","41.0519","-120.6861","1554.5","1993-05",,,,"50.0","64.4","35.6",,
"USR0000CLHO","LOST HORSE CALIFORNIA, CA US","34.0178","-116.1878","1280.2","1993-05",,,,"63.7","80.1","47.3",,
"USC00047228","RAMONA FIRE DEPARTMENT, CA US","33.0113","-116.908","448.1","1993-05",,"0.10","0.0",,,"51.9",,
"USC00048317","SNOW CREEK UPPER, CA US","33.8725","-116.67972","591.3","1993-05",,"0.00","0.0",,,,,
"USC00047109","POTTER VALLEY POWERHOUSE, CA US","39.3619","-123.1286","310.3","1993-05",,"5.12","0.0","58.7","70.3","47.1",,
"USC00046252","NORTH FORK RANGER STATION, CA US","37.2329","-119.5097","806.2","1993-05",,"0.27","0.0",,,,,
"USC00047581","ROUND MOUNTAIN, CA US","40.7955","-121.935","640.1","1993-05",,"5.69","0.0",,,,,
"USC00046377","OCEANSIDE MARINA, CA US","33.2097","-117.395","3.0","1993-05",,"0.00","0.0","61.6","66.4","56.9",,
"USC00046498","ORICK PRAIRIE, CA US","41.3619","-124.0191","48.8","1993-05",,"8.11","0.0","51.5","57.4","45.6",,
"USC00046136","NEVADA CITY, CA US","39.2466","-121.0008","847.6","1993-05",,"2.92","0.0","57.0","68.4","45.6",,
"USR0000CKET","KETTLEMAN HILLS CALIFORNIA, CA US","36.0333","-120.0569","246.9","1993-05",,,,"68.9","80.4","57.5",,
"USC00047470","RIVERSIDE FIRE STATION 3, CA US","33.9511","-117.388","256.0","1993-05",,"0.00","0.0","70.8","84.9","56.7",,
"USS0020K04S","INDEPENDENCE CAMP, CA US","39.45","-120.29","2134.5","1993-05",,"2.30",,"43.6","55.1","32.0",,
"USR0000CMIL","MILL CREEK ANF CALIFORNIA, CA US","34.3903","-118.0825","1530.4","1993-05",,,,"65.9","77.4","54.5",,
"USC00041806","CLEARLAKE 4 SE, CA US","38.9238","-122.5672","411.2","1993-05",,"1.95","0.0",,"69.9",,,
"USC00047339","REDWOOD CITY, CA US","37.4767","-122.2386","9.4","1993-05",,"0.44","0.0","63.8","75.6","52.0",,
"USC00046006","MOUNT WILSON CBS, CA US","34.2308","-118.0711","1740.4","1993-05",,"0.06","0.0",,,,,
"USC00045032","LODI, CA US","38.1061","-121.2877","12.2","1993-05",,"1.31","0.0","66.6","81.6","51.6",,"1523.6"
"USR0000CQUI","QUINCY RD CALIFORNIA, CA US","39.9733","-120.9419","1066.8","1993-05",,,,"55.8","70.9","40.7",,
"USS0020K03S","INDEPENDENCE CREEK, CA US","39.49","-120.28","1967.8","1993-05",,"1.40",,"45.6","60.2","30.9",,
"USR0000CQUA","QUARTZ HILL CALIFORNIA, CA US","41.5992","-122.9336","1287.8","1993-05",,,,"52.6","62.9","42.3",,
"USC00046370","OCCIDENTAL, CA US","38.3858","-122.9661","263.7","1993-05",,"3.36","0.0",,,,,
"USC00040943","BODIE CALIFORNIA STATE HISTORIC PARK, CA US","38.2119","-119.0142","2551.2","1993-05",,"0.04","0.0","44.9","63.3","26.5",,
"USS0020K27S","TAHOE CITY CROSS, CA US","39.17","-120.15","2071.7","1993-05",,"1.10",,"45.8","57.2","34.3",,
"USC00041912","COLFAX, CA US","39.0901","-120.947","723.3","1993-05",,"2.88","0.0","60.8","73.9","47.7",,
"USR0000CJFL","JUNIPER FLAT CALIFORNIA, CA US","33.7781","-117.085","646.2","1993-05",,,,"63.6","76.2","51.0",,
"USC00041916","COLGATE POWERHOUSE, CA US","39.3308","-121.1922","181.4","1993-05",,"2.57","0.0",,,,,
"USC00045026","LODGEPOLE, CA US","36.6044","-118.7325","2052.8","1993-05",,"0.08","0.0","45.5","60.4","30.7",,
"USC00045147","LOS PRIETOS RANGER STATION, CA US","34.5444","-119.7913","312.1","1993-05",,"0.08","0.0",,,,,
"USC00046599","PACIFICA 4 SSE, CA US","37.59167","-122.47167","144.8","1993-05",,"0.98","0.0","59.3","67.0","51.5",,
"USC00049866","YREKA, CA US","41.70237","-122.64169","826.6","1993-05",,"2.79","0.0","56.0","71.9","40.2",,
"USR0000CPRD","PANOCHE ROAD CALIFORNIA, CA US","36.7269","-120.7658","619.4","1993-05",,,,"67.5","80.7","54.2",,
"USC00047681","SALSIPUEDES GAGING STATION, CA US","34.58511","-120.40826","77.4","1993-05",,"0.09","0.0",,,,,
"USR0000COPA","OPAL MOUNTAIN CALIFORNIA, CA US","35.1542","-117.1756","987.6","1993-05",,,,"68.3","81.1","55.5",,
"USC00044176","HUNTINGTON LAKE, CA US","37.2275","-119.22056","2139.7","1993-05",,"0.17",,"48.5","59.3","37.6",,
"USC00044297","IRON MOUNTAIN, CA US","34.1472","-115.1219","281.0","1993-05",,"0.03","0.0","80.5","96.1","65.0",,
"USC00046597","PACIFIC HOUSE, CA US","38.7583","-120.503","1051.6","1993-05",,"3.43","0.0",,,,,
"USC00045385","MARYSVILLE, CA US","39.1458","-121.5852","17.4","1993-05",,"1.78","0.0","68.2","80.8","55.6",,
"USC00049621","WHISKEYTOWN RESERVOIR, CA US","40.6116","-122.528","394.7","1993-05",,"7.37","0.0","61.0","73.1","48.9",,"446.1"
"USC00049742","WINTERS, CA US","38.5252","-121.9777","41.1","1993-05",,"1.02","0.0","67.5","81.4","53.7",,
"USC00041907","COLEMAN FISHERIES STATION, CA US","40.4","-122.1433","128.0","1993-05",,"2.51","0.0",,,,,
"USR0000CBVR","BEAVER CAMP LOC CALIFORNIA, CA US","38.4883","-120.325","1524.0","1993-05",,,,"57.6","69.3","46.0",,
"USC00040931","BOCA, CA US","39.3886","-120.0936","1699.3","1993-05",,"0.89","0.0","49.4","67.4","31.4",,
"USR0000CLIN","LINCOLN CALIFORNIA, CA US","38.8825","-121.2683","61.0","1993-05",,,,"64.9","79.0","50.7",,
"USC00040819","BISHOP CRK INTAKE 2, CA US","37.248","-118.5813","2485.3","1993-05",,"0.03",,,,,,
"USC00048406","SOUTH LAKE, CA US","37.1683","-118.5705","2920.0","1993-05",,"0.13",,,,,,
"USC00045378","MARTINEZ WATER PLANT, CA US","38.0131","-122.1142","12.2","1993-05",,"0.57","0.0","63.8","77.1","50.4",,
"USC00049855","YOSEMITE PARK HEADQUARTERS, CA US","37.75027","-119.58972","1224.7","1993-05",,"1.77","0.0",,"70.9",,,
"USR0000CTUO","GAYLOR MEADOW CALIFORNIA, CA US","37.8683","-119.3183","2825.5","1993-05",,,,"40.3","54.9","25.6",,
"USC00047672","SALINAS DAM, CA US","35.3372","-120.5038","424.3","1993-05",,"0.00","0.0",,,,,
"USC00044288","IOWA HILL, CA US","39.118","-120.8405","944.9","1993-05",,"3.38","0.0",,,,,
"USR0000CLDR","LADDER BUTTE CALIFORNIA, CA US","40.8072","-121.2967","1752.6","1993-05",,,,"50.4","60.7","40.2",,
"USC00040924","BLYTHE, CA US","33.61388","-114.59813","81.7","1993-05",,"0.00","0.0","83.0","99.6","66.5",,
"USS0020L06S","ECHO PEAK, CA US","38.85","-120.08","2337.8","1993-05",,"3.59",,,,,,
"USR0000CSRS","SANTA ROSA CALIFORNIA, CA US","38.4786","-122.7119","175.6","1993-05",,,,"59.8","69.3","50.3",,
"USC00048758","TAHOE CITY, CA US","39.1678","-120.1428","1898.9","1993-05",,"1.30","0.0","49.4","62.9","35.9",,
"USC00047668","SALINAS NUMBER 2, CA US","36.6594","-121.6663","13.7","1993-05",,"0.82","0.0","62.1","72.3","52.0",,
"USR0000CSRI","SANTA ROSA ISLAND CALIFORNIA, CA US","33.9778","-120.0778","395.6","1993-05",,,,"54.2","61.3","47.1",,
"USC00047306","REDLANDS, CA US","34.037","-117.1948","429.8","1993-05",,"0.04","0.0","68.8","81.8","55.8",,
"USC00048999","TRACY CARBONA, CA US","37.6819","-121.3466","41.1","1993-05",,"1.75","0.0","66.0","80.4","51.6",,
"USC00044278","INYOKERN, CA US","35.6513","-117.8213","740.7","1993-05",,"0.02","0.0","71.1","88.1","54.0",,
"USC00046336","OAKLAND MUSEUM, CA US","37.7983","-122.2642","9.1","1993-05",,"0.94","0.0","63.5","69.9","57.1",,
"USC00046699","PARKER RESERVOIR, CA US","34.28964","-114.17137","224.9","1993-05",,"0.00","0.0","82.2","94.7","69.6",,
"USR0000CCRZ","CRAZY PEAK CALIFORNIA, CA US","41.9919","-123.6036","1210.1","1993-05",,,,"50.6","62.1","39.1",,
"USC00045360","MARKLEY COVE, CA US","38.4916","-122.1241","146.3","1993-05",,"1.69","0.0","63.4","76.3","50.4",,"1306.1"
"USC00043182","FORT JONES RANGER STATION, CA US","41.60104","-122.84775","831.8","1993-05",,"2.47","0.0",,,,,
"USC00045120","LOS BANOS DET RESV, CA US","36.98972","-120.92972","124.1","1993-05",,"0.44","0.0","67.4","80.0","54.8",,"5152.4"
"USC00047785","SAN GABRIEL FIRE DEPARTMENT, CA US","34.0842","-118.1003","110.6","1993-05",,"0.03","0.0","69.4","81.6","57.2",,
"USC00048873","TERMO 1 E, CA US","40.86667","-120.43333","1615.4","1993-05",,"0.97","0.0","50.9","66.6","35.2",,
"USC00045123","LOS GATOS, CA US","37.2319","-121.9592","111.3","1993-05",,"0.71","0.0","62.9","74.9","51.0",,
"USR0000CMER","MERCED RIVER CALIFORNIA, CA US","37.6528","-120.0883","792.5","1993-05",,,,"63.4","75.7","51.1",,
"USR0000CSQU","SQUAW LAKE CALIFORNIA, CA US","32.9083","-114.4944","91.4","1993-05",,,,"82.8","96.1","69.5",,
"USR0000CMET","METCALF GAP CALIFORNIA, CA US","37.4094","-119.7681","937.9","1993-05",,,,"63.6","75.2","51.9",,
"USC00043191","FORT ROSS, CA US","38.515","-123.2447","34.1","1993-05",,"3.22","0.0","55.5","65.2","45.7",,
"USR0000CSQS","SQUAW SPRINGS CALIFORNIA, CA US","35.37","-117.5683","1103.4","1993-05",,,,"68.5","79.8","57.3",,
"USC00047779","SAN GABRIEL DAM FC425B E, CA US","34.2052","-117.8608","451.4","1993-05",,"0.00","0.0",,,,,
"USC00046569","OXNARD, CA US","34.19806","-119.17528","14.9","1993-05",,"0.11","0.0","62.9","70.3","55.6",,
"USC00045356","MARKLEEVILLE, CA US","38.69194","-119.78028","1685.5","1993-05",,"0.30","0.0","51.8","67.4","36.2",,
"USC00045598","MIDDLETOWN, CA US","38.74774","-122.62583","341.7","1993-05",,"3.18","0.0",,,,,
"USC00044025","HOLLISTER 2, CA US","36.8483","-121.4213","83.8","1993-05",,"0.74","0.0","61.9","74.8","49.0",,
"USC00047776","SAN GABRIEL CANYON PH, CA US","34.1553","-117.9078","226.8","1993-05",,"0.00","0.0",,,,,
"USR0000CMID","MID HILLS CALIFORNIA, CA US","35.1231","-115.4114","1649.9","1993-05",,,,"60.6","72.6","48.6",,
"USC00047414","RICHMOND, CA US","37.9191","-122.3772","6.1","1993-05",,"0.68","0.0","62.6","71.1","54.1",,
"USC00045119","LOS BANOS ARBURUA RANCH, CA US","36.8749","-120.9386","256.9","1993-05",,"0.34","0.0",,,,,
"USC00045118","LOS BANOS, CA US","37.0563","-120.8666","36.6","1993-05",,"0.52","0.0","65.9","82.0","49.7",,
"USR0000CKEE","KEENWILD CALIFORNIA, CA US","33.6667","-116.7667","1499.6","1993-05",,,,"62.5","76.7","48.4",,
"USC00046329","OAK KNOLL R S NUMBER 2, CA US","41.85","-122.88333","518.2","1993-05",,"2.25","0.0",,,,,
"USC00042081","COVELO, CA US","39.8158","-123.2444","430.7","1993-05",,"5.05","0.0",,,"45.9",,
"USC00046685","PARADISE, CA US","39.7538","-121.6241","533.4","1993-05",,"2.87","0.0","63.1","74.2","52.1",,
"USC00045233","MADERA, CA US","36.9539","-120.0378","82.3","1993-05",,"0.71","0.0","67.7","82.2","53.3",,
"USC00042090","COVINA CITY YARD FC387B, CA US","34.0918","-117.88012","185.0","1993-05",,"0.00","0.0",,,,,
"USC00047404","RICHARDSON GROVE STATE PARK, CA US","40.02611","-123.79306","153.3","1993-05",,"6.77","0.0","58.4","69.4","47.5",,
"USC00047767","SAN FRANCISCO OCEANSIDE, CA US","37.728","-122.5052","2.4","1993-05",,"0.84","0.0",,,,,
"USC00047888","SANTA ANA FIRE STATION, CA US","33.7442","-117.8667","41.1","1993-05",,"0.00","0.0","68.6","78.0","59.3",,
"USC00044259","INDIO FIRE STATION, CA US","33.7086","-116.2152","-6.4","1993-05",,"0.00","0.0","81.3","96.5","66.1",,
"USC00046319","OAK GROVE R S, CA US","33.3861","-116.7916","838.2","1993-05",,"0.97","0.0",,,,,
"USC00045107","LOS ALAMOS, CA US","34.7455","-120.28","172.2","1993-05",,"0.28","0.0",,,,,
"USC00047880","SAN RAFAEL CIVIC CENTER, CA US","37.9983","-122.5372","36.6","1993-05",,"1.21","0.0","57.7","69.3","46.1",,
"USR0000CBRO","BROOKS CALIFORNIA, CA US","38.7383","-122.1447","107.9","1993-05",,,,"64.4","76.8","51.9",,
"USC00043161","FORT BRAGG 5 N, CA US","39.51","-123.75639","37.5","1993-05",,"5.25","0.0","58.3","67.2","49.4",,
"USR0000CDVR","DEVORE CALIFORNIA, CA US","34.2211","-117.4044","627.0","1993-05",,,,"65.0","76.8","53.3",,
"USR0000CSTA","STAMPEDE CALIFORNIA, CA US","39.4833","-120.075","2093.1","1993-05",,,,"49.4","62.8","36.0",,
"USR0000CAPT","ALDER POINT CALIFORNIA, CA US","40.1867","-123.5903","281.3","1993-05",,,,"59.0","69.5","48.4",,
"USC00044374","JESS VALLEY, CA US","41.2706","-120.29845","1621.2","1993-05",,"2.15","0.0","52.4","70.3","34.5",,
"USC00047643","SAINT HELENA, CA US","38.5066","-122.4713","68.6","1993-05",,"1.65","0.0","62.8","75.2","50.4",,
"USC00046675","PANOCHE 2 W, CA US","36.6066","-120.8841","426.7","1993-05",,"0.23","0.0",,,,,
"USC00047641","SAGEHEN CREEK, CA US","39.43167","-120.24056","1931.5","1993-05",,"2.13","1.0","47.2","61.6","32.7",,
"USC00042198","CRYSTAL LAKE FC238C, CA US","34.3175","-117.8419","1629.2","1993-05",,"0.00","0.0",,,,,
"USR0000COKS","OAKLAND SOUTH CALIFORNIA, CA US","37.7861","-122.1447","333.8","1993-05",,,,"59.4","67.7","51.0",,
"USR0000COKN","OAKLAND NORTH CALIFORNIA, CA US","37.865","-122.2208","427.6","1993-05",,,,"58.7","67.7","49.8",,
